<?xml version="1.0" encoding="UTF-8" standalone="yes"?>
<addon id="repository.lambassvn" version="1.0.2" name="LamBass Repository" provider-name="LamBass">
    <extension point="xbmc.addon.repository" name="LamBass Repository">
        <dir>
            <info compressed="false">https://raw.githubusercontent.com/LamBassVN/lambasskodi/master/addons.xml</info>
            <checksum>https://raw.githubusercontent.com/LamBassVN/lambasskodi/master/zips/addons.xml.md5</checksum>
            <datadir zip="true">https://github.com/LamBassVN/lambasskodi/raw/master/zips</datadir>
        </dir>
    </extension>
    <extension point="xbmc.addon.metadata">
        <summary lang="en">LamBass Repository</summary>
        <description lang="en">Ủng hộ/Donate MoMo/MBBank: 0393361613</description>
        <platform>all</platform>
    <assets>
        <icon>icon.png</icon>
    </assets>		
    </extension>
</addon>
